INSERT INTO Departments (DepartmentID, Name) VALUES
(1, 'Department 1'),
(2, 'Department 2'),
(3, 'Department 3'),
(4, 'Department 4'),
(5, 'Department 5'),
(6, 'Department 6'),
(7, 'Department 7'),
(8, 'Department 8'),
(9, 'Department 9'),
(10, 'Department 10');

INSERT INTO Customers (CustomerID, FirstName, LastName, Email, CreatedDate) VALUES
(1, 'Carol', 'Brown', 'user1@example.com', '2023-08-10'),
(2, 'Eva', 'Moore', 'user2@example.com', '2023-10-08'),
(3, 'Henry', 'Miller', 'user3@example.com', '2023-05-27'),
(4, 'Bob', 'Garcia', 'user4@example.com', '2023-09-09'),
(5, 'David', 'Jones', 'user5@example.com', '2023-08-19'),
(6, 'David', 'Wilson', 'user6@example.com', '2023-09-22'),
(7, 'David', 'Davis', 'user7@example.com', '2023-08-17'),
(8, 'Eva', 'Jones', 'user8@example.com', '2023-08-14'),
(9, 'Henry', 'Jones', 'user9@example.com', '2023-05-14'),
(10, 'Bob', 'Moore', 'user10@example.com', '2023-04-22'),
(11, 'Eva', 'Smith', 'user11@example.com', '2023-02-21'),
(12, 'Carol', 'Smith', 'user12@example.com', '2023-01-07'),
(13, 'Grace', 'Smith', 'user13@example.com', '2023-09-28'),
(14, 'David', 'Williams', 'user14@example.com', '2023-05-11'),
(15, 'Alice', 'Miller', 'user15@example.com', '2023-04-30'),
(16, 'Ivy', 'Jones', 'user16@example.com', '2023-12-22'),
(17, 'Eva', 'Miller', 'user17@example.com', '2023-09-12'),
(18, 'Carol', 'Garcia', 'user18@example.com', '2023-11-23'),
(19, 'Ivy', 'Brown', 'user19@example.com', '2023-01-03'),
(20, 'Eva', 'Wilson', 'user20@example.com', '2023-07-29'),
(21, 'David', 'Moore', 'user21@example.com', '2023-05-01'),
(22, 'Carol', 'Moore', 'user22@example.com', '2023-03-14'),
(23, 'Henry', 'Williams', 'user23@example.com', '2023-02-13'),
(24, 'Alice', 'Davis', 'user24@example.com', '2023-05-15'),
(25, 'Carol', 'Miller', 'user25@example.com', '2023-06-14'),
(26, 'Alice', 'Jones', 'user26@example.com', '2023-11-05'),
(27, 'Frank', 'Brown', 'user27@example.com', '2023-04-27'),
(28, 'Eva', 'Miller', 'user28@example.com', '2023-08-20'),
(29, 'Jack', 'Jones', 'user29@example.com', '2023-06-23'),
(30, 'Henry', 'Brown', 'user30@example.com', '2023-03-11'),
(31, 'Alice', 'Williams', 'user31@example.com', '2023-12-07'),
(32, 'Ivy', 'Jones', 'user32@example.com', '2023-03-27'),
(33, 'Henry', 'Wilson', 'user33@example.com', '2023-01-26'),
(34, 'Alice', 'Brown', 'user34@example.com', '2023-04-11'),
(35, 'Grace', 'Wilson', 'user35@example.com', '2023-02-02'),
(36, 'Bob', 'Miller', 'user36@example.com', '2023-11-15'),
(37, 'Bob', 'Moore', 'user37@example.com', '2023-03-05'),
(38, 'Grace', 'Johnson', 'user38@example.com', '2023-07-14'),
(39, 'Bob', 'Williams', 'user39@example.com', '2023-02-04'),
(40, 'Frank', 'Johnson', 'user40@example.com', '2023-01-22'),
(41, 'Henry', 'Miller', 'user41@example.com', '2023-09-28'),
(42, 'Jack', 'Johnson', 'user42@example.com', '2023-09-06'),
(43, 'Eva', 'Davis', 'user43@example.com', '2023-07-24'),
(44, 'Eva', 'Davis', 'user44@example.com', '2023-05-13'),
(45, 'Jack', 'Garcia', 'user45@example.com', '2023-04-18'),
(46, 'Frank', 'Davis', 'user46@example.com', '2023-06-11'),
(47, 'Bob', 'Garcia', 'user47@example.com', '2023-07-24'),
(48, 'Frank', 'Miller', 'user48@example.com', '2023-02-24'),
(49, 'Henry', 'Jones', 'user49@example.com', '2023-08-28'),
(50, 'Henry', 'Jones', 'user50@example.com', '2023-11-15');

INSERT INTO Products (ProductID, Name, Price, DepartmentID) VALUES
(1, 'Product 1', 205.23, 9),
(2, 'Product 2', 262.25, 1),
(3, 'Product 3', 429.79, 7),
(4, 'Product 4', 376.43, 8),
(5, 'Product 5', 19.06, 9),
(6, 'Product 6', 17.37, 6),
(7, 'Product 7', 304.72, 4),
(8, 'Product 8', 172.07, 5),
(9, 'Product 9', 347.86, 6),
(10, 'Product 10', 381.76, 6),
(11, 'Product 11', 431.39, 6),
(12, 'Product 12', 351.09, 8),
(13, 'Product 13', 222.18, 1),
(14, 'Product 14', 199.18, 3),
(15, 'Product 15', 254.27, 2),
(16, 'Product 16', 462.81, 2),
(17, 'Product 17', 140.8, 5),
(18, 'Product 18', 66.52, 1),
(19, 'Product 19', 178.5, 1),
(20, 'Product 20', 459.12, 6),
(21, 'Product 21', 342.27, 1),
(22, 'Product 22', 227.84, 6),
(23, 'Product 23', 379.79, 9),
(24, 'Product 24', 434.26, 5),
(25, 'Product 25', 8.04, 3),
(26, 'Product 26', 292.79, 1),
(27, 'Product 27', 452.66, 2),
(28, 'Product 28', 165.75, 9),
(29, 'Product 29', 71.75, 2),
(30, 'Product 30', 115.33, 10),
(31, 'Product 31', 140.44, 5),
(32, 'Product 32', 245.04, 5),
(33, 'Product 33', 352.2, 7),
(34, 'Product 34', 68.65, 1),
(35, 'Product 35', 368.07, 10),
(36, 'Product 36', 318.15, 10),
(37, 'Product 37', 246.75, 1),
(38, 'Product 38', 102.29, 4),
(39, 'Product 39', 44.84, 1),
(40, 'Product 40', 132.63, 2),
(41, 'Product 41', 139.15, 4),
(42, 'Product 42', 82.05, 1),
(43, 'Product 43', 126.3, 7),
(44, 'Product 44', 478.17, 1),
(45, 'Product 45', 61.9, 7),
(46, 'Product 46', 297.45, 2),
(47, 'Product 47', 249.15, 8),
(48, 'Product 48', 96.88, 7),
(49, 'Product 49', 493.69, 7),
(50, 'Product 50', 291.4, 10);

INSERT INTO Orders (OrderID, CustomerID, OrderDate, TotalAmount) VALUES
(1, 33, '2024-03-28', 1907.13),
(2, 49, '2024-02-01', 2515.6),
(3, 48, '2024-01-09', 1723.33),
(4, 27, '2024-01-08', 3610.79),
(5, 33, '2024-04-17', 3740.67),
(6, 50, '2024-03-13', 1910.37),
(7, 27, '2024-04-03', 2040.66),
(8, 4, '2024-02-21', 1188.96),
(9, 47, '2024-02-25', 3163.06),
(10, 22, '2024-03-05', 1191.26),
(11, 3, '2024-01-30', 3918.29),
(12, 8, '2024-01-22', 1373.61),
(13, 47, '2024-02-05', 1828.11),
(14, 19, '2024-03-22', 2391.33),
(15, 36, '2024-03-25', 2618.95),
(16, 48, '2024-04-09', 2076.28),
(17, 5, '2024-03-27', 734.6),
(18, 26, '2024-01-12', 2442.82),
(19, 19, '2024-01-07', 1852.12),
(20, 43, '2024-01-14', 2078.14),
(21, 50, '2024-02-22', 2752.9),
(22, 46, '2024-02-15', 2715.9),
(23, 38, '2024-03-15', 495.73),
(24, 29, '2024-04-02', 1915.63),
(25, 36, '2024-01-12', 2240.58),
(26, 13, '2024-01-01', 1565.2),
(27, 48, '2024-02-06', 2403.51),
(28, 32, '2024-01-10', 2131.87),
(29, 43, '2024-03-03', 1820.63),
(30, 46, '2024-01-08', 4659.52),
(31, 12, '2024-03-31', 1329.46),
(32, 41, '2024-03-14', 1950.32),
(33, 5, '2024-02-25', 2111.9),
(34, 13, '2024-04-19', 2477.92),
(35, 42, '2024-02-09', 1940.64),
(36, 5, '2024-04-10', 655.63),
(37, 8, '2024-01-09', 2192.71),
(38, 13, '2024-04-09', 2377.8),
(39, 37, '2024-02-13', 3678.03),
(40, 8, '2024-02-13', 1288.85),
(41, 41, '2024-02-21', 2969.58),
(42, 46, '2024-04-07', 1484.48),
(43, 18, '2024-03-10', 1336.82),
(44, 25, '2024-03-12', 807.66),
(45, 22, '2024-03-08', 1189.99),
(46, 44, '2024-01-22', 4401.21),
(47, 12, '2024-04-20', 813.89),
(48, 3, '2024-04-08', 2288.84),
(49, 6, '2024-02-16', 1652.25),
(50, 25, '2024-01-26', 1949.88);

INSERT INTO OrderItems (OrderItemID, OrderID, ProductID, Quantity, UnitPrice) VALUES
(1, 1, 48, 5, 96.88),
(2, 1, 40, 5, 132.63),
(3, 1, 23, 2, 379.79),
(4, 2, 10, 2, 381.76),
(5, 2, 19, 5, 178.5),
(6, 2, 3, 2, 429.79),
(7, 3, 42, 1, 82.05),
(8, 3, 7, 4, 304.72),
(9, 3, 17, 3, 140.8),
(10, 4, 16, 3, 462.81),
(11, 4, 49, 4, 493.69),
(12, 4, 45, 4, 61.9),
(13, 5, 37, 1, 246.75),
(14, 5, 49, 4, 493.69),
(15, 5, 23, 4, 379.79),
(16, 6, 40, 3, 132.63),
(17, 6, 35, 4, 368.07),
(18, 6, 25, 5, 8.04),
(19, 7, 23, 2, 379.79),
(20, 7, 21, 3, 342.27),
(21, 7, 15, 1, 254.27),
(22, 8, 34, 4, 68.65),
(23, 8, 38, 4, 102.29),
(24, 8, 43, 4, 126.3),
(25, 9, 10, 4, 381.76),
(26, 9, 8, 1, 172.07),
(27, 9, 26, 5, 292.79),
(28, 10, 9, 2, 347.86),
(29, 10, 44, 1, 478.17),
(30, 10, 6, 1, 17.37),
(31, 11, 44, 2, 478.17),
(32, 11, 37, 2, 246.75),
(33, 11, 49, 5, 493.69),
(34, 12, 42, 1, 82.05),
(35, 12, 28, 5, 165.75),
(36, 12, 16, 1, 462.81),
(37, 13, 31, 3, 140.44),
(38, 13, 37, 3, 246.75),
(39, 13, 13, 3, 222.18),
(40, 14, 12, 2, 351.09),
(41, 14, 1, 5, 205.23),
(42, 14, 28, 4, 165.75),
(43, 15, 38, 5, 102.29),
(44, 15, 13, 5, 222.18),
(45, 15, 47, 4, 249.15),
(46, 16, 19, 2, 178.5),
(47, 16, 31, 5, 140.44),
(48, 16, 15, 4, 254.27),
(49, 17, 40, 1, 132.63),
(50, 17, 45, 2, 61.9),
(51, 17, 44, 1, 478.17),
(52, 18, 47, 5, 249.15),
(53, 18, 7, 1, 304.72),
(54, 18, 46, 3, 297.45),
(55, 19, 50, 5, 291.4),
(56, 19, 5, 2, 19.06),
(57, 19, 19, 2, 178.5),
(58, 20, 45, 4, 61.9),
(59, 20, 50, 3, 291.4),
(60, 20, 44, 2, 478.17),
(61, 21, 16, 2, 462.81),
(62, 21, 2, 2, 262.25),
(63, 21, 24, 3, 434.26),
(64, 22, 31, 2, 140.44),
(65, 22, 9, 3, 347.86),
(66, 22, 9, 4, 347.86),
(67, 23, 5, 3, 19.06),
(68, 23, 34, 5, 68.65),
(69, 23, 5, 5, 19.06),
(70, 24, 1, 5, 205.23),
(71, 24, 48, 2, 96.88),
(72, 24, 9, 2, 347.86),
(73, 25, 42, 2, 82.05),
(74, 25, 26, 4, 292.79),
(75, 25, 27, 2, 452.66),
(76, 26, 16, 1, 462.81),
(77, 26, 5, 4, 19.06),
(78, 26, 1, 5, 205.23),
(79, 27, 20, 1, 459.12),
(80, 27, 20, 2, 459.12),
(81, 27, 1, 5, 205.23),
(82, 28, 14, 4, 199.18),
(83, 28, 37, 3, 246.75),
(84, 28, 46, 2, 297.45),
(85, 29, 16, 3, 462.81),
(86, 29, 50, 1, 291.4),
(87, 29, 17, 1, 140.8),
(88, 30, 27, 5, 452.66),
(89, 30, 27, 4, 452.66),
(90, 30, 26, 2, 292.79),
(91, 31, 30, 3, 115.33),
(92, 31, 40, 3, 132.63),
(93, 31, 26, 2, 292.79),
(94, 32, 4, 2, 376.43),
(95, 32, 30, 4, 115.33),
(96, 32, 35, 2, 368.07),
(97, 33, 11, 1, 431.39),
(98, 33, 15, 5, 254.27),
(99, 33, 38, 4, 102.29),
(100, 34, 44, 4, 478.17),
(101, 34, 48, 3, 96.88),
(102, 34, 34, 4, 68.65),
(103, 35, 34, 5, 68.65),
(104, 35, 34, 3, 68.65),
(105, 35, 9, 4, 347.86),
(106, 36, 12, 1, 351.09),
(107, 36, 42, 2, 82.05),
(108, 36, 31, 1, 140.44),
(109, 37, 33, 1, 352.2),
(110, 37, 32, 4, 245.04),
(111, 37, 8, 5, 172.07),
(112, 38, 17, 5, 140.8),
(113, 38, 21, 4, 342.27),
(114, 38, 7, 1, 304.72),
(115, 39, 12, 2, 351.09),
(116, 39, 20, 4, 459.12),
(117, 39, 23, 3, 379.79),
(118, 40, 29, 4, 71.75),
(119, 40, 46, 1, 297.45),
(120, 40, 33, 2, 352.2),
(121, 41, 11, 2, 431.39),
(122, 41, 13, 5, 222.18),
(123, 41, 14, 5, 199.18),
(124, 42, 23, 3, 379.79),
(125, 42, 28, 1, 165.75),
(126, 42, 39, 4, 44.84),
(127, 43, 6, 4, 17.37),
(128, 43, 50, 2, 291.4),
(129, 43, 21, 2, 342.27),
(130, 44, 38, 1, 102.29),
(131, 44, 39, 2, 44.84),
(132, 44, 1, 3, 205.23),
(133, 45, 12, 1, 351.09),
(134, 45, 30, 5, 115.33),
(135, 45, 2, 1, 262.25),
(136, 46, 7, 5, 304.72),
(137, 46, 49, 5, 493.69),
(138, 46, 38, 4, 102.29),
(139, 47, 19, 3, 178.5),
(140, 47, 25, 3, 8.04),
(141, 47, 15, 1, 254.27),
(142, 48, 48, 1, 96.88),
(143, 48, 27, 1, 452.66),
(144, 48, 9, 5, 347.86),
(145, 49, 1, 4, 205.23),
(146, 49, 23, 2, 379.79),
(147, 49, 29, 1, 71.75),
(148, 50, 29, 1, 71.75),
(149, 50, 12, 1, 351.09),
(150, 50, 10, 4, 381.76);

INSERT INTO Payments (PaymentID, OrderID, PaymentDate, Amount, PaymentMethod, Status) VALUES
(1, 1, '2024-01-04', 1907.13, 'Credit Card', 'Pending'),
(2, 2, '2024-03-26', 2515.6, 'Credit Card', 'Failed'),
(3, 3, '2024-02-28', 1723.33, 'PayPal', 'Failed'),
(4, 4, '2024-03-06', 3610.79, 'Bank Transfer', 'Completed'),
(5, 5, '2024-01-27', 3740.67, 'Credit Card', 'Pending'),
(6, 6, '2024-01-09', 1910.37, 'Credit Card', 'Failed'),
(7, 7, '2024-03-16', 2040.66, 'Credit Card', 'Completed'),
(8, 8, '2024-01-28', 1188.96, 'Bank Transfer', 'Pending'),
(9, 9, '2024-04-18', 3163.06, 'Credit Card', 'Failed'),
(10, 10, '2024-02-23', 1191.26, 'Credit Card', 'Failed'),
(11, 11, '2024-02-27', 3918.29, 'Bank Transfer', 'Completed'),
(12, 12, '2024-03-05', 1373.61, 'Credit Card', 'Failed'),
(13, 13, '2024-02-10', 1828.11, 'PayPal', 'Failed'),
(14, 14, '2024-01-30', 2391.33, 'Bank Transfer', 'Failed'),
(15, 15, '2024-01-16', 2618.95, 'Bank Transfer', 'Pending'),
(16, 16, '2024-03-26', 2076.28, 'PayPal', 'Failed'),
(17, 17, '2024-02-19', 734.6, 'PayPal', 'Completed'),
(18, 18, '2024-02-20', 2442.82, 'Credit Card', 'Completed'),
(19, 19, '2024-04-04', 1852.12, 'PayPal', 'Completed'),
(20, 20, '2024-04-19', 2078.14, 'Credit Card', 'Completed'),
(21, 21, '2024-04-05', 2752.9, 'Bank Transfer', 'Failed'),
(22, 22, '2024-02-07', 2715.9, 'PayPal', 'Failed'),
(23, 23, '2024-01-01', 495.73, 'Bank Transfer', 'Completed'),
(24, 24, '2024-01-03', 1915.63, 'PayPal', 'Pending'),
(25, 25, '2024-01-27', 2240.58, 'PayPal', 'Pending'),
(26, 26, '2024-01-10', 1565.2, 'PayPal', 'Completed'),
(27, 27, '2024-02-10', 2403.51, 'PayPal', 'Failed'),
(28, 28, '2024-03-29', 2131.87, 'PayPal', 'Failed'),
(29, 29, '2024-01-19', 1820.63, 'Bank Transfer', 'Pending'),
(30, 30, '2024-04-16', 4659.52, 'PayPal', 'Pending'),
(31, 31, '2024-01-28', 1329.46, 'Credit Card', 'Completed'),
(32, 32, '2024-04-10', 1950.32, 'Bank Transfer', 'Failed'),
(33, 33, '2024-03-20', 2111.9, 'Credit Card', 'Failed'),
(34, 34, '2024-02-26', 2477.92, 'PayPal', 'Failed'),
(35, 35, '2024-01-04', 1940.64, 'Credit Card', 'Completed'),
(36, 36, '2024-02-21', 655.63, 'Credit Card', 'Pending'),
(37, 37, '2024-03-28', 2192.71, 'PayPal', 'Pending'),
(38, 38, '2024-04-05', 2377.8, 'Bank Transfer', 'Failed'),
(39, 39, '2024-01-28', 3678.03, 'Credit Card', 'Failed'),
(40, 40, '2024-01-26', 1288.85, 'Bank Transfer', 'Completed'),
(41, 41, '2024-04-11', 2969.58, 'Credit Card', 'Pending'),
(42, 42, '2024-01-07', 1484.48, 'Bank Transfer', 'Failed'),
(43, 43, '2024-01-09', 1336.82, 'PayPal', 'Failed'),
(44, 44, '2024-03-03', 807.66, 'Credit Card', 'Completed'),
(45, 45, '2024-03-12', 1189.99, 'Credit Card', 'Pending'),
(46, 46, '2024-02-11', 4401.21, 'PayPal', 'Failed'),
(47, 47, '2024-03-30', 813.89, 'PayPal', 'Failed'),
(48, 48, '2024-04-01', 2288.84, 'Credit Card', 'Completed'),
(49, 49, '2024-02-19', 1652.25, 'Credit Card', 'Completed'),
(50, 50, '2024-01-05', 1949.88, 'Bank Transfer', 'Pending');

